id_venta,fecha,vendedor_id,vendedor_nombres,vendedor_apellidos,vendedor_documento,id_detalle,id_producto,producto,talla,cantidad_unitaria,precio_unitario,total_producto,total_productos_vendidos,total_pagar
1,2025-10-14,7,David,Velasquez Quadros,77455507,1,2772,Camiseta,L,5,52239.37,261196.85,10,656251.44
1,2025-10-14,7,David,Velasquez Quadros,77455507,2,7223,Camiseta,XS,4,56429.02,225716.08,10,656251.44
1,2025-10-14,7,David,Velasquez Quadros,77455507,3,1364,Zapatos,42,1,169338.51,169338.51,10,656251.44
2,2026-02-25,20,Laura,Martinez Velasquez,46132428,1,9379,Vestido,XL,1,106795.57,106795.57,9,924382.75
2,2026-02-25,20,Laura,Martinez Velasquez,46132428,2,5687,Pantalon,30,5,86177.9,430889.5,9,924382.75
2,2026-02-25,20,Laura,Martinez Velasquez,46132428,3,1589,Zapatos,42,1,123587.58,123587.58,9,924382.75
2,2026-02-25,20,Laura,Martinez Velasquez,46132428,4,6918,Sudadera,XXL,2,131555.05,263110.1,9,924382.75
3,2025-10-22,10,Diego,Ruiz Romero,81057481,1,8871,Gorra,Unica,6,32141.29,192847.74,17,1530601.51
3,2025-10-22,10,Diego,Ruiz Romero,81057481,2,4181,Vestido,L,5,100351.23,501756.15,17,1530601.51
3,2025-10-22,10,Diego,Ruiz Romero,81057481,3,1542,Zapatos,41,4,148197.26,592789.04,17,1530601.51
3,2025-10-22,10,Diego,Ruiz Romero,81057481,4,9687,Sudadera,S,2,121604.29,243208.58,17,1530601.51
4,2026-02-20,3,Ana,Romero Romero,60551548,1,2027,Zapatos,37,4,127990.2,511960.8,4,511960.8
5,2025-11-22,14,Pedro,Diaz Garcia,45490223,1,3692,Pantalon,36,5,108190.13,540950.65,8,925446.46
5,2025-11-22,14,Pedro,Diaz Garcia,45490223,2,6603,Sudadera,XXL,3,128165.27,384495.81,8,925446.46
6,2026-03-14,13,Andres,Castillo Martinez,93984404,1,6603,Chaqueta,XXL,4,116691.45,466765.8,11,1397864.02
6,2026-03-14,13,Andres,Castillo Martinez,93984404,2,8677,Zapatos,40,3,139086.82,417260.46,11,1397864.02
6,2026-03-14,13,Andres,Castillo Martinez,93984404,3,9925,Chaqueta,XL,4,128459.44,513837.76,11,1397864.02
7,2025-11-06,19,Andres,Navarro Ramirez,22714492,1,2975,Chaqueta,S,6,106671.5,640029.0,16,1672835.58
7,2025-11-06,19,Andres,Navarro Ramirez,22714492,2,5328,Pantalon,36,6,92273.45,553640.7,16,1672835.58
7,2025-11-06,19,Andres,Navarro Ramirez,22714492,3,2163,Zapatos,37,4,119791.47,479165.88,16,1672835.58
8,2026-02-11,18,Andres,Castillo Castillo,31401014,1,1291,Chaqueta,S,3,121155.71,363467.13,6,663935.69
8,2026-02-11,18,Andres,Castillo Castillo,31401014,2,8050,Pantalon,30,2,99125.5,198251.0,6,663935.69
8,2026-02-11,18,Andres,Castillo Castillo,31401014,3,2659,Pantalon,28,1,102217.56,102217.56,6,663935.69
9,2025-11-27,25,Andres,Castro Romero,54824843,1,7086,Vestido,M,6,88872.41,533234.46,16,1984111.51
9,2025-11-27,25,Andres,Castro Romero,54824843,2,5049,Chaqueta,S,5,145714.89,728574.45,16,1984111.51
9,2025-11-27,25,Andres,Castro Romero,54824843,3,3292,Zapatos,40,5,144460.52,722302.6,16,1984111.51
10,2025-09-25,5,Pedro,Ruiz Mendoza,59409021,1,7906,Camiseta,XXL,2,50777.87,101555.74,2,101555.74
11,2026-01-24,6,Andres,Torres Castillo,99937754,1,2633,Pantalon,28,1,76562.63,76562.63,14,1530179.25
11,2026-01-24,6,Andres,Torres Castillo,99937754,2,6688,Zapatos,37,6,171464.33,1028785.98,14,1530179.25
11,2026-01-24,6,Andres,Torres Castillo,99937754,3,6507,Pantalon,40,2,107654.82,215309.64,14,1530179.25
11,2026-01-24,6,Andres,Torres Castillo,99937754,4,3922,Camiseta,L,5,41904.2,209521.0,14,1530179.25
12,2026-02-09,16,Miguel,Torres Morales,34980421,1,5019,Gorra,Unica,6,32512.76,195076.56,14,1004725.86
12,2026-02-09,16,Miguel,Torres Morales,34980421,2,4611,Chaqueta,S,3,114206.14,342618.42,14,1004725.86
12,2026-02-09,16,Miguel,Torres Morales,34980421,3,9225,Sudadera,XXL,3,130944.88,392834.64,14,1004725.86
12,2026-02-09,16,Miguel,Torres Morales,34980421,4,3370,Gorra,Unica,2,37098.12,74196.24,14,1004725.86
13,2026-01-25,22,Alejandra,Morales Castillo,31031473,1,8088,Zapatos,37,1,170135.38,170135.38,12,783325.37
13,2026-01-25,22,Alejandra,Morales Castillo,31031473,2,6737,Gorra,Unica,6,36921.34,221528.04,12,783325.37
13,2026-01-25,22,Alejandra,Morales Castillo,31031473,3,3635,Pantalon,40,5,78332.39,391661.95,12,783325.37
14,2026-02-11,9,Edward,Hernandez Ruiz,32145144,1,3121,Sudadera,L,3,125894.78,377684.34,14,1061843.19
14,2026-02-11,9,Edward,Hernandez Ruiz,32145144,2,5786,Camiseta,L,6,47588.74,285532.44,14,1061843.19
14,2026-02-11,9,Edward,Hernandez Ruiz,32145144,3,2804,Camiseta,XS,1,56854.61,56854.61,14,1061843.19
14,2026-02-11,9,Edward,Hernandez Ruiz,32145144,4,2204,Pantalon,34,4,85442.95,341771.8,14,1061843.19
15,2026-03-10,18,Andres,Castillo Castillo,31401014,1,1388,Gorra,Unica,5,29644.33,148221.65,15,909087.8
15,2026-03-10,18,Andres,Castillo Castillo,31401014,2,1292,Vestido,S,5,125469.99,627349.95,15,909087.8
15,2026-03-10,18,Andres,Castillo Castillo,31401014,3,4870,Gorra,Unica,5,26703.24,133516.2,15,909087.8
16,2025-09-26,19,Andres,Navarro Ramirez,22714492,1,9203,Sudadera,L,2,142572.57,285145.14,7,894875.44
16,2025-09-26,19,Andres,Navarro Ramirez,22714492,2,9305,Sudadera,L,5,121946.06,609730.3,7,894875.44
17,2026-01-18,24,Andres,Castillo Vargas,25191731,1,7208,Gorra,Unica,5,32883.0,164415.0,5,164415.0
18,2026-02-23,15,Luis,Vargas Vargas,78052867,1,6917,Gorra,Unica,2,26376.63,52753.26,14,1532207.22
18,2026-02-23,15,Luis,Vargas Vargas,78052867,2,7593,Pantalon,30,3,101859.46,305578.38,14,1532207.22
18,2026-02-23,15,Luis,Vargas Vargas,78052867,3,9317,Zapatos,40,6,143882.51,863295.06,14,1532207.22
18,2026-02-23,15,Luis,Vargas Vargas,78052867,4,2221,Chaqueta,L,3,103526.84,310580.52,14,1532207.22
19,2025-11-11,1,Valentina,Ruiz Ruiz,85701278,1,7451,Zapatos,38,2,143134.96,286269.92,19,2267994.87
19,2025-11-11,1,Valentina,Ruiz Ruiz,85701278,2,9032,Chaqueta,M,2,126247.78,252495.56,19,2267994.87
19,2025-11-11,1,Valentina,Ruiz Ruiz,85701278,3,4845,Gorra,Unica,5,38393.53,191967.65,19,2267994.87
19,2025-11-11,1,Valentina,Ruiz Ruiz,85701278,4,9231,Zapatos,38,6,171801.77,1030810.62,19,2267994.87
19,2025-11-11,1,Valentina,Ruiz Ruiz,85701278,5,2790,Vestido,L,4,126612.78,506451.12,19,2267994.87
20,2026-03-13,11,Pedro,Morales Quadros,55953098,1,2677,Vestido,XL,2,87841.42,175682.84,2,175682.84
21,2025-11-01,7,David,Velasquez Quadros,77455507,1,1450,Zapatos,39,1,154094.67,154094.67,12,981613.98
21,2025-11-01,7,David,Velasquez Quadros,77455507,2,5302,Pantalon,32,2,91631.25,183262.5,12,981613.98
21,2025-11-01,7,David,Velasquez Quadros,77455507,3,7683,Chaqueta,M,4,109763.09,439052.36,12,981613.98
21,2025-11-01,7,David,Velasquez Quadros,77455507,4,1775,Camiseta,XXL,5,41040.89,205204.45,12,981613.98
22,2026-02-26,20,Laura,Martinez Velasquez,46132428,1,8767,Camiseta,S,2,53235.99,106471.98,3,206185.48
22,2026-02-26,20,Laura,Martinez Velasquez,46132428,2,9013,Vestido,XL,1,99713.5,99713.5,3,206185.48
23,2026-02-01,23,Pedro,Martinez Navarro,51591683,1,1856,Chaqueta,XL,3,138049.39,414148.17,3,414148.17
24,2026-01-17,19,Andres,Navarro Ramirez,22714492,1,4699,Vestido,S,3,112377.69,337133.07,14,1716183.01
24,2026-01-17,19,Andres,Navarro Ramirez,22714492,2,2910,Vestido,XL,5,94766.06,473830.3,14,1716183.01
24,2026-01-17,19,Andres,Navarro Ramirez,22714492,3,4048,Chaqueta,XL,6,150869.94,905219.64,14,1716183.01
25,2025-11-11,18,Andres,Castillo Castillo,31401014,1,2166,Chaqueta,XL,2,128597.54,257195.08,6,571106.6
25,2025-11-11,18,Andres,Castillo Castillo,31401014,2,4443,Pantalon,40,4,78477.88,313911.52,6,571106.6
26,2025-10-01,17,Camila,Velasquez Sanchez,34511778,1,8197,Camiseta,M,5,48284.57,241422.85,13,662108.58
26,2025-10-01,17,Camila,Velasquez Sanchez,34511778,2,5107,Camiseta,XL,3,43586.66,130759.98,13,662108.58
26,2025-10-01,17,Camila,Velasquez Sanchez,34511778,3,4085,Camiseta,XL,5,57985.15,289925.75,13,662108.58
27,2025-12-27,20,Laura,Martinez Velasquez,46132428,1,4265,Chaqueta,S,6,112462.76,674776.56,14,1699702.36
27,2025-12-27,20,Laura,Martinez Velasquez,46132428,2,3962,Pantalon,28,4,105619.0,422476.0,14,1699702.36
27,2025-12-27,20,Laura,Martinez Velasquez,46132428,3,4965,Zapatos,39,4,150612.45,602449.8,14,1699702.36
28,2025-10-25,13,Andres,Castillo Martinez,93984404,1,5801,Camiseta,S,4,52282.57,209130.28,10,940252.47
28,2025-10-25,13,Andres,Castillo Martinez,93984404,2,2824,Zapatos,36,3,140829.33,422487.99,10,940252.47
28,2025-10-25,13,Andres,Castillo Martinez,93984404,3,1461,Pantalon,28,1,106959.14,106959.14,10,940252.47
28,2025-10-25,13,Andres,Castillo Martinez,93984404,4,1030,Pantalon,40,2,100837.53,201675.06,10,940252.47
29,2026-02-17,17,Camila,Velasquez Sanchez,34511778,1,4641,Chaqueta,XXL,3,150145.7,450437.1,6,956168.67
29,2026-02-17,17,Camila,Velasquez Sanchez,34511778,2,7563,Zapatos,36,3,168577.19,505731.57,6,956168.67
30,2025-10-31,12,Sofia,Hernandez Mendoza,80563138,1,9171,Zapatos,36,6,144160.51,864963.06,7,922777.4
30,2025-10-31,12,Sofia,Hernandez Mendoza,80563138,2,8141,Camiseta,XS,1,57814.34,57814.34,7,922777.4
31,2025-12-05,20,Laura,Martinez Velasquez,46132428,1,5916,Gorra,Unica,4,35490.07,141960.28,13,1165706.22
31,2025-12-05,20,Laura,Martinez Velasquez,46132428,2,7799,Camiseta,S,2,44714.82,89429.64,13,1165706.22
31,2025-12-05,20,Laura,Martinez Velasquez,46132428,3,2660,Zapatos,38,2,137969.07,275938.14,13,1165706.22
31,2025-12-05,20,Laura,Martinez Velasquez,46132428,4,9966,Sudadera,XXL,3,124328.94,372986.82,13,1165706.22
31,2025-12-05,20,Laura,Martinez Velasquez,46132428,5,8275,Zapatos,41,2,142695.67,285391.34,13,1165706.22
32,2025-10-25,13,Andres,Castillo Martinez,93984404,1,2051,Camiseta,M,5,44455.18,222275.9,6,329923.12
32,2025-10-25,13,Andres,Castillo Martinez,93984404,2,8614,Sudadera,S,1,107647.22,107647.22,6,329923.12
33,2025-12-02,24,Andres,Castillo Vargas,25191731,1,1744,Chaqueta,XL,3,126013.54,378040.62,4,474401.52
33,2025-12-02,24,Andres,Castillo Vargas,25191731,2,1138,Pantalon,32,1,96360.9,96360.9,4,474401.52
34,2025-12-03,16,Miguel,Torres Morales,34980421,1,1246,Zapatos,38,6,120593.88,723563.28,14,1347496.45
34,2025-12-03,16,Miguel,Torres Morales,34980421,2,9219,Vestido,S,5,86093.03,430465.15,14,1347496.45
34,2025-12-03,16,Miguel,Torres Morales,34980421,3,8322,Vestido,XL,1,102142.14,102142.14,14,1347496.45
34,2025-12-03,16,Miguel,Torres Morales,34980421,4,3995,Camiseta,S,2,45662.94,91325.88,14,1347496.45
35,2025-12-18,11,Pedro,Morales Quadros,55953098,1,5190,Chaqueta,M,6,114687.81,688126.86,6,688126.86
36,2025-12-16,5,Pedro,Ruiz Mendoza,59409021,1,9497,Pantalon,38,1,103049.59,103049.59,4,425824.56
36,2025-12-16,5,Pedro,Ruiz Mendoza,59409021,2,6612,Chaqueta,L,2,136435.78,272871.56,4,425824.56
36,2025-12-16,5,Pedro,Ruiz Mendoza,59409021,3,8046,Camiseta,XL,1,49903.41,49903.41,4,425824.56
37,2025-10-29,6,Andres,Torres Castillo,99937754,1,6009,Gorra,Unica,4,36104.62,144418.48,4,144418.48
38,2025-09-25,7,David,Velasquez Quadros,77455507,1,3676,Chaqueta,S,6,143024.09,858144.54,23,2017766.75
38,2025-09-25,7,David,Velasquez Quadros,77455507,2,8222,Gorra,Unica,6,34031.56,204189.36,23,2017766.75
38,2025-09-25,7,David,Velasquez Quadros,77455507,3,5743,Pantalon,28,2,93153.02,186306.04,23,2017766.75
38,2025-09-25,7,David,Velasquez Quadros,77455507,4,1377,Chaqueta,M,5,129288.05,646440.25,23,2017766.75
38,2025-09-25,7,David,Velasquez Quadros,77455507,5,8048,Gorra,Unica,4,30671.64,122686.56,23,2017766.75
39,2026-03-02,4,Camila,Torres Ramirez,46821172,1,2059,Pantalon,30,3,91814.77,275444.31,5,471554.99
39,2026-03-02,4,Camila,Torres Ramirez,46821172,2,8184,Vestido,L,2,98055.34,196110.68,5,471554.99
40,2026-01-10,12,Sofia,Hernandez Mendoza,80563138,1,9966,Camiseta,XXL,3,57690.6,173071.8,10,1168671.53
40,2026-01-10,12,Sofia,Hernandez Mendoza,80563138,2,2391,Zapatos,37,3,170348.47,511045.41,10,1168671.53
40,2026-01-10,12,Sofia,Hernandez Mendoza,80563138,3,2155,Sudadera,M,4,121138.58,484554.32,10,1168671.53
41,2025-11-23,14,Pedro,Diaz Garcia,45490223,1,3906,Pantalon,28,4,105995.0,423980.0,22,1580264.8
41,2025-11-23,14,Pedro,Diaz Garcia,45490223,2,6869,Camiseta,L,2,57744.82,115489.64,22,1580264.8
41,2025-11-23,14,Pedro,Diaz Garcia,45490223,3,9891,Gorra,Unica,4,33662.91,134651.64,22,1580264.8
41,2025-11-23,14,Pedro,Diaz Garcia,45490223,4,5933,Gorra,Unica,6,37506.16,225036.96,22,1580264.8
41,2025-11-23,14,Pedro,Diaz Garcia,45490223,5,6587,Sudadera,XXL,6,113517.76,681106.56,22,1580264.8
42,2025-12-17,1,Valentina,Ruiz Ruiz,85701278,1,6174,Vestido,L,2,105875.17,211750.34,12,1755034.37
42,2025-12-17,1,Valentina,Ruiz Ruiz,85701278,2,1855,Zapatos,41,6,172410.14,1034460.84,12,1755034.37
42,2025-12-17,1,Valentina,Ruiz Ruiz,85701278,3,6930,Zapatos,37,3,130940.72,392822.16,12,1755034.37
42,2025-12-17,1,Valentina,Ruiz Ruiz,85701278,4,2003,Chaqueta,XL,1,116001.03,116001.03,12,1755034.37
43,2025-09-20,6,Andres,Torres Castillo,99937754,1,2654,Pantalon,30,6,98418.17,590509.02,6,590509.02
44,2025-10-06,17,Camila,Velasquez Sanchez,34511778,1,1586,Camiseta,L,1,55482.65,55482.65,5,424061.81
44,2025-10-06,17,Camila,Velasquez Sanchez,34511778,2,8318,Pantalon,36,4,92144.79,368579.16,5,424061.81
45,2026-03-16,7,David,Velasquez Quadros,77455507,1,6132,Sudadera,XL,5,130570.33,652851.65,7,766247.39
45,2026-03-16,7,David,Velasquez Quadros,77455507,2,9470,Camiseta,XXL,2,56697.87,113395.74,7,766247.39
46,2026-02-24,10,Diego,Ruiz Romero,81057481,1,5211,Zapatos,36,2,121010.32,242020.64,12,1099436.33
46,2026-02-24,10,Diego,Ruiz Romero,81057481,2,6536,Chaqueta,XL,1,155916.2,155916.2,12,1099436.33
46,2026-02-24,10,Diego,Ruiz Romero,81057481,3,9190,Vestido,L,1,125077.22,125077.22,12,1099436.33
46,2026-02-24,10,Diego,Ruiz Romero,81057481,4,3203,Gorra,Unica,5,29746.63,148733.15,12,1099436.33
46,2026-02-24,10,Diego,Ruiz Romero,81057481,5,6026,Chaqueta,S,3,142563.04,427689.12,12,1099436.33
47,2026-01-10,23,Pedro,Martinez Navarro,51591683,1,8923,Chaqueta,L,6,132885.58,797313.48,6,797313.48
48,2025-10-11,6,Andres,Torres Castillo,99937754,1,9528,Zapatos,39,4,141006.03,564024.12,11,1115842.12
48,2025-10-11,6,Andres,Torres Castillo,99937754,2,5879,Camiseta,S,5,54737.64,273688.2,11,1115842.12
48,2025-10-11,6,Andres,Torres Castillo,99937754,3,6857,Chaqueta,S,1,153130.37,153130.37,11,1115842.12
48,2025-10-11,6,Andres,Torres Castillo,99937754,4,4258,Zapatos,40,1,124999.43,124999.43,11,1115842.12
49,2026-02-18,23,Pedro,Martinez Navarro,51591683,1,6572,Gorra,Unica,6,28215.2,169291.2,14,706108.68
49,2026-02-18,23,Pedro,Martinez Navarro,51591683,2,7990,Camiseta,XXL,6,55897.82,335386.92,14,706108.68
49,2026-02-18,23,Pedro,Martinez Navarro,51591683,3,2781,Vestido,M,2,100715.28,201430.56,14,706108.68
50,2025-12-30,15,Luis,Vargas Vargas,78052867,1,4059,Pantalon,40,3,98032.88,294098.64,9,480107.52
50,2025-12-30,15,Luis,Vargas Vargas,78052867,2,6655,Gorra,Unica,6,31001.48,186008.88,9,480107.52
51,2026-02-24,25,Andres,Castro Romero,54824843,1,4065,Chaqueta,M,3,135796.12,407388.36,15,1911645.78
51,2026-02-24,25,Andres,Castro Romero,54824843,2,1756,Camiseta,XL,2,40359.96,80719.92,15,1911645.78
51,2026-02-24,25,Andres,Castro Romero,54824843,3,8854,Zapatos,38,5,159173.81,795869.05,15,1911645.78
51,2026-02-24,25,Andres,Castro Romero,54824843,4,6077,Vestido,M,5,125533.69,627668.45,15,1911645.78
52,2025-10-24,21,Natalia,Vargas Mendoza,69750374,1,6295,Camiseta,XS,4,58048.44,232193.76,13,1310189.82
52,2025-10-24,21,Natalia,Vargas Mendoza,69750374,2,2998,Vestido,S,3,96622.46,289867.38,13,1310189.82
52,2025-10-24,21,Natalia,Vargas Mendoza,69750374,3,4980,Zapatos,38,6,131354.78,788128.68,13,1310189.82
53,2026-02-20,25,Andres,Castro Romero,54824843,1,9926,Pantalon,28,4,92409.45,369637.8,15,1687974.02
53,2026-02-20,25,Andres,Castro Romero,54824843,2,3313,Zapatos,36,1,137875.34,137875.34,15,1687974.02
53,2026-02-20,25,Andres,Castro Romero,54824843,3,4413,Pantalon,34,4,96534.99,386139.96,15,1687974.02
53,2026-02-20,25,Andres,Castro Romero,54824843,4,8115,Zapatos,36,6,132386.82,794320.92,15,1687974.02
54,2026-03-13,21,Natalia,Vargas Mendoza,69750374,1,1208,Sudadera,S,3,116387.66,349162.98,11,1006098.93
54,2026-03-13,21,Natalia,Vargas Mendoza,69750374,2,9210,Zapatos,40,1,134277.71,134277.71,11,1006098.93
54,2026-03-13,21,Natalia,Vargas Mendoza,69750374,3,3484,Gorra,Unica,4,25915.15,103660.6,11,1006098.93
54,2026-03-13,21,Natalia,Vargas Mendoza,69750374,4,5345,Sudadera,XL,3,139665.88,418997.64,11,1006098.93
55,2026-02-21,13,Andres,Castillo Martinez,93984404,1,3291,Gorra,Unica,4,31165.51,124662.04,16,1415875.59
55,2026-02-21,13,Andres,Castillo Martinez,93984404,2,8739,Sudadera,XL,5,129273.74,646368.7,16,1415875.59
55,2026-02-21,13,Andres,Castillo Martinez,93984404,3,3882,Gorra,Unica,3,33899.39,101698.17,16,1415875.59
55,2026-02-21,13,Andres,Castillo Martinez,93984404,4,2333,Sudadera,XL,4,135786.67,543146.68,16,1415875.59
56,2026-01-21,3,Ana,Romero Romero,60551548,1,6054,Zapatos,42,3,130003.61,390010.83,3,390010.83
57,2026-02-13,5,Pedro,Ruiz Mendoza,59409021,1,4807,Camiseta,XXL,3,46246.01,138738.03,11,1023967.83
57,2026-02-13,5,Pedro,Ruiz Mendoza,59409021,2,7846,Sudadera,S,4,132843.42,531373.68,11,1023967.83
57,2026-02-13,5,Pedro,Ruiz Mendoza,59409021,3,9121,Pantalon,32,4,88464.03,353856.12,11,1023967.83
58,2025-10-28,10,Diego,Ruiz Romero,81057481,1,6652,Camiseta,S,3,56246.06,168738.18,12,838733.64
58,2025-10-28,10,Diego,Ruiz Romero,81057481,2,6987,Pantalon,30,6,93869.72,563218.32,12,838733.64
58,2025-10-28,10,Diego,Ruiz Romero,81057481,3,8238,Gorra,Unica,3,35592.38,106777.14,12,838733.64
59,2025-12-09,3,Ana,Romero Romero,60551548,1,1521,Chaqueta,S,5,153064.77,765323.85,5,765323.85
60,2025-10-04,22,Alejandra,Morales Castillo,31031473,1,5375,Gorra,Unica,1,34168.1,34168.1,7,812489.27
60,2025-10-04,22,Alejandra,Morales Castillo,31031473,2,4270,Pantalon,30,1,101766.02,101766.02,7,812489.27
60,2025-10-04,22,Alejandra,Morales Castillo,31031473,3,3490,Chaqueta,M,5,135311.03,676555.15,7,812489.27
61,2025-10-21,3,Ana,Romero Romero,60551548,1,2223,Vestido,L,6,101148.92,606893.52,14,1445595.41
61,2025-10-21,3,Ana,Romero Romero,60551548,2,5236,Pantalon,40,5,102491.71,512458.55,14,1445595.41
61,2025-10-21,3,Ana,Romero Romero,60551548,3,9507,Chaqueta,M,3,108747.78,326243.34,14,1445595.41
62,2026-01-16,12,Sofia,Hernandez Mendoza,80563138,1,5708,Gorra,Unica,2,35441.5,70883.0,17,1459485.53
62,2026-01-16,12,Sofia,Hernandez Mendoza,80563138,2,4102,Sudadera,S,2,136412.02,272824.04,17,1459485.53
62,2026-01-16,12,Sofia,Hernandez Mendoza,80563138,3,1358,Zapatos,39,4,123757.0,495028.0,17,1459485.53
62,2026-01-16,12,Sofia,Hernandez Mendoza,80563138,4,4682,Camiseta,M,3,57963.97,173891.91,17,1459485.53
62,2026-01-16,12,Sofia,Hernandez Mendoza,80563138,5,8814,Pantalon,32,6,74476.43,446858.58,17,1459485.53
63,2025-12-27,25,Andres,Castro Romero,54824843,1,9897,Zapatos,40,3,168803.14,506409.42,3,506409.42
64,2026-03-07,6,Andres,Torres Castillo,99937754,1,4087,Sudadera,S,4,115400.0,461600.0,14,1171677.46
64,2026-03-07,6,Andres,Torres Castillo,99937754,2,2192,Gorra,Unica,4,26665.7,106662.8,14,1171677.46
64,2026-03-07,6,Andres,Torres Castillo,99937754,3,6488,Pantalon,34,6,100569.11,603414.66,14,1171677.46
65,2026-03-12,16,Miguel,Torres Morales,34980421,1,4056,Pantalon,32,2,91743.88,183487.76,11,1343491.26
65,2026-03-12,16,Miguel,Torres Morales,34980421,2,4898,Sudadera,M,4,140379.75,561519.0,11,1343491.26
65,2026-03-12,16,Miguel,Torres Morales,34980421,3,5790,Sudadera,S,5,119696.9,598484.5,11,1343491.26
66,2025-12-19,17,Camila,Velasquez Sanchez,34511778,1,1011,Chaqueta,S,3,109300.92,327902.76,14,1775333.61
66,2025-12-19,17,Camila,Velasquez Sanchez,34511778,2,2449,Zapatos,38,6,137261.8,823570.8,14,1775333.61
66,2025-12-19,17,Camila,Velasquez Sanchez,34511778,3,7084,Zapatos,39,5,124772.01,623860.05,14,1775333.61
67,2025-10-13,2,Pedro,Castillo Mendoza,39966881,1,8096,Pantalon,36,4,93058.32,372233.28,4,372233.28
68,2025-09-17,15,Luis,Vargas Vargas,78052867,1,9697,Sudadera,XL,3,112455.51,337366.53,13,1648264.08
68,2025-09-17,15,Luis,Vargas Vargas,78052867,2,5247,Zapatos,40,5,156568.61,782843.05,13,1648264.08
68,2025-09-17,15,Luis,Vargas Vargas,78052867,3,2380,Sudadera,XXL,5,105610.9,528054.5,13,1648264.08
69,2026-01-13,7,David,Velasquez Quadros,77455507,1,3647,Chaqueta,S,6,152408.6,914451.6,12,1121483.22
69,2026-01-13,7,David,Velasquez Quadros,77455507,2,3054,Gorra,Unica,6,34505.27,207031.62,12,1121483.22
70,2026-03-14,15,Luis,Vargas Vargas,78052867,1,5047,Zapatos,39,3,146894.08,440682.24,3,440682.24
71,2026-02-04,15,Luis,Vargas Vargas,78052867,1,1064,Gorra,Unica,2,34132.53,68265.06,3,154218.27
71,2026-02-04,15,Luis,Vargas Vargas,78052867,2,5049,Pantalon,34,1,85953.21,85953.21,3,154218.27
72,2025-12-15,6,Andres,Torres Castillo,99937754,1,5682,Gorra,Unica,5,33287.61,166438.05,20,1416949.31
72,2025-12-15,6,Andres,Torres Castillo,99937754,2,9456,Camiseta,S,2,57346.97,114693.94,20,1416949.31
72,2025-12-15,6,Andres,Torres Castillo,99937754,3,2160,Pantalon,38,4,79921.96,319687.84,20,1416949.31
72,2025-12-15,6,Andres,Torres Castillo,99937754,4,2184,Zapatos,40,3,168357.42,505072.26,20,1416949.31
72,2025-12-15,6,Andres,Torres Castillo,99937754,5,1825,Camiseta,XS,6,51842.87,311057.22,20,1416949.31
73,2025-10-05,14,Pedro,Diaz Garcia,45490223,1,3006,Chaqueta,M,2,133032.15,266064.3,13,1683834.9
73,2025-10-05,14,Pedro,Diaz Garcia,45490223,2,7265,Sudadera,L,2,108196.49,216392.98,13,1683834.9
73,2025-10-05,14,Pedro,Diaz Garcia,45490223,3,6262,Chaqueta,XXL,6,132910.11,797460.66,13,1683834.9
73,2025-10-05,14,Pedro,Diaz Garcia,45490223,4,3913,Pantalon,36,1,79074.02,79074.02,13,1683834.9
73,2025-10-05,14,Pedro,Diaz Garcia,45490223,5,9520,Zapatos,40,2,162421.47,324842.94,13,1683834.9
74,2025-12-09,4,Camila,Torres Ramirez,46821172,1,7581,Gorra,Unica,4,25946.87,103787.48,12,880100.17
74,2025-12-09,4,Camila,Torres Ramirez,46821172,2,3166,Camiseta,XS,3,55905.77,167717.31,12,880100.17
74,2025-12-09,4,Camila,Torres Ramirez,46821172,3,8442,Pantalon,32,1,81669.78,81669.78,12,880100.17
74,2025-12-09,4,Camila,Torres Ramirez,46821172,4,8973,Sudadera,S,4,131731.4,526925.6,12,880100.17
75,2025-12-11,22,Alejandra,Morales Castillo,31031473,1,5710,Camiseta,L,2,48709.91,97419.82,9,862965.57
75,2025-12-11,22,Alejandra,Morales Castillo,31031473,2,5164,Pantalon,28,5,109752.95,548764.75,9,862965.57
75,2025-12-11,22,Alejandra,Morales Castillo,31031473,3,4105,Chaqueta,L,2,108390.5,216781.0,9,862965.57
76,2026-02-25,11,Pedro,Morales Quadros,55953098,1,4650,Vestido,S,1,126547.73,126547.73,12,1330838.99
76,2026-02-25,11,Pedro,Morales Quadros,55953098,2,3631,Vestido,XL,5,108191.64,540958.2,12,1330838.99
76,2026-02-25,11,Pedro,Morales Quadros,55953098,3,4863,Vestido,L,6,110555.51,663333.06,12,1330838.99
77,2026-01-04,6,Andres,Torres Castillo,99937754,1,9647,Gorra,Unica,1,38859.59,38859.59,8,967284.39
77,2026-01-04,6,Andres,Torres Castillo,99937754,2,1905,Zapatos,39,4,129993.88,519975.52,8,967284.39
77,2026-01-04,6,Andres,Torres Castillo,99937754,3,2257,Sudadera,XL,3,136149.76,408449.28,8,967284.39
78,2025-09-21,12,Sofia,Hernandez Mendoza,80563138,1,6473,Gorra,Unica,6,30248.14,181488.84,6,181488.84
79,2025-12-05,22,Alejandra,Morales Castillo,31031473,1,9796,Gorra,Unica,4,34699.78,138799.12,6,344953.98
79,2025-12-05,22,Alejandra,Morales Castillo,31031473,2,5242,Vestido,M,2,103077.43,206154.86,6,344953.98
80,2025-12-24,21,Natalia,Vargas Mendoza,69750374,1,4691,Gorra,Unica,2,36582.67,73165.34,4,244778.12
80,2025-12-24,21,Natalia,Vargas Mendoza,69750374,2,6677,Vestido,S,2,85806.39,171612.78,4,244778.12
81,2026-01-26,6,Andres,Torres Castillo,99937754,1,3274,Chaqueta,XXL,4,112426.63,449706.52,4,449706.52
82,2026-03-11,12,Sofia,Hernandez Mendoza,80563138,1,9259,Gorra,Unica,3,36090.1,108270.3,16,1046144.33
82,2026-03-11,12,Sofia,Hernandez Mendoza,80563138,2,9029,Camiseta,M,6,52693.31,316159.86,16,1046144.33
82,2026-03-11,12,Sofia,Hernandez Mendoza,80563138,3,2991,Pantalon,38,6,97544.78,585268.68,16,1046144.33
82,2026-03-11,12,Sofia,Hernandez Mendoza,80563138,4,5502,Gorra,Unica,1,36445.49,36445.49,16,1046144.33
83,2025-09-30,13,Andres,Castillo Martinez,93984404,1,4566,Camiseta,XS,1,45580.99,45580.99,1,45580.99
84,2025-12-30,6,Andres,Torres Castillo,99937754,1,4611,Camiseta,M,5,50813.42,254067.1,9,653797.34
84,2025-12-30,6,Andres,Torres Castillo,99937754,2,3497,Vestido,XL,4,99932.56,399730.24,9,653797.34
85,2026-03-15,8,Laura,Torres Ruiz,42851831,1,7564,Sudadera,M,3,114942.72,344828.16,3,344828.16
86,2025-09-23,16,Miguel,Torres Morales,34980421,1,2056,Pantalon,40,2,83087.44,166174.88,2,166174.88
87,2025-09-18,17,Camila,Velasquez Sanchez,34511778,1,5791,Zapatos,41,4,155773.22,623092.88,15,1583653.89
87,2025-09-18,17,Camila,Velasquez Sanchez,34511778,2,9336,Vestido,M,4,122520.15,490080.6,15,1583653.89
87,2025-09-18,17,Camila,Velasquez Sanchez,34511778,3,9973,Sudadera,XXL,3,115282.83,345848.49,15,1583653.89
87,2025-09-18,17,Camila,Velasquez Sanchez,34511778,4,2589,Gorra,Unica,4,31157.98,124631.92,15,1583653.89
88,2025-10-30,9,Edward,Hernandez Ruiz,32145144,1,7222,Chaqueta,XXL,3,121373.81,364121.43,9,1198405.09
88,2025-10-30,9,Edward,Hernandez Ruiz,32145144,2,1603,Pantalon,28,1,89683.68,89683.68,9,1198405.09
88,2025-10-30,9,Edward,Hernandez Ruiz,32145144,3,2908,Zapatos,40,3,167734.86,503204.58,9,1198405.09
88,2025-10-30,9,Edward,Hernandez Ruiz,32145144,4,4117,Zapatos,36,2,120697.7,241395.4,9,1198405.09
89,2026-03-03,19,Andres,Navarro Ramirez,22714492,1,2177,Chaqueta,XL,6,126554.96,759329.76,7,878060.85
89,2026-03-03,19,Andres,Navarro Ramirez,22714492,2,4837,Sudadera,M,1,118731.09,118731.09,7,878060.85
90,2025-12-05,2,Pedro,Castillo Mendoza,39966881,1,8155,Vestido,S,1,122832.33,122832.33,10,1287482.07
90,2025-12-05,2,Pedro,Castillo Mendoza,39966881,2,5980,Chaqueta,XL,6,127493.21,764959.26,10,1287482.07
90,2025-12-05,2,Pedro,Castillo Mendoza,39966881,3,3612,Zapatos,39,2,154331.15,308662.3,10,1287482.07
90,2025-12-05,2,Pedro,Castillo Mendoza,39966881,4,2940,Vestido,S,1,91028.18,91028.18,10,1287482.07
91,2026-03-12,10,Diego,Ruiz Romero,81057481,1,5578,Chaqueta,S,3,148966.11,446898.33,16,1980066.26
91,2026-03-12,10,Diego,Ruiz Romero,81057481,2,4807,Camiseta,XS,4,49028.37,196113.48,16,1980066.26
91,2026-03-12,10,Diego,Ruiz Romero,81057481,3,6036,Zapatos,39,5,139754.65,698773.25,16,1980066.26
91,2026-03-12,10,Diego,Ruiz Romero,81057481,4,6022,Zapatos,38,4,159570.3,638281.2,16,1980066.26
92,2025-12-28,1,Valentina,Ruiz Ruiz,85701278,1,2197,Camiseta,XXL,3,40507.16,121521.48,4,234943.39
92,2025-12-28,1,Valentina,Ruiz Ruiz,85701278,2,4544,Vestido,M,1,113421.91,113421.91,4,234943.39
93,2026-02-21,25,Andres,Castro Romero,54824843,1,3557,Gorra,Unica,4,32402.2,129608.8,12,483718.54
93,2026-02-21,25,Andres,Castro Romero,54824843,2,2020,Sudadera,L,1,132765.95,132765.95,12,483718.54
93,2026-02-21,25,Andres,Castro Romero,54824843,3,9408,Gorra,Unica,6,31189.51,187137.06,12,483718.54
93,2026-02-21,25,Andres,Castro Romero,54824843,4,1323,Gorra,Unica,1,34206.73,34206.73,12,483718.54
94,2025-11-05,5,Pedro,Ruiz Mendoza,59409021,1,4023,Pantalon,30,6,101514.42,609086.52,15,1441947.13
94,2025-11-05,5,Pedro,Ruiz Mendoza,59409021,2,1231,Pantalon,32,1,83861.93,83861.93,15,1441947.13
94,2025-11-05,5,Pedro,Ruiz Mendoza,59409021,3,7681,Sudadera,M,4,142705.72,570822.88,15,1441947.13
94,2025-11-05,5,Pedro,Ruiz Mendoza,59409021,4,1021,Camiseta,XXL,4,44543.95,178175.8,15,1441947.13
95,2026-03-14,12,Sofia,Hernandez Mendoza,80563138,1,5135,Pantalon,36,1,81608.0,81608.0,4,547196.39
95,2026-03-14,12,Sofia,Hernandez Mendoza,80563138,2,9611,Zapatos,38,3,155196.13,465588.39,4,547196.39
96,2026-02-22,22,Alejandra,Morales Castillo,31031473,1,6672,Pantalon,30,5,98984.27,494921.35,5,494921.35
97,2025-12-29,23,Pedro,Martinez Navarro,51591683,1,5895,Chaqueta,S,5,106290.58,531452.9,20,2063247.18
97,2025-12-29,23,Pedro,Martinez Navarro,51591683,2,7976,Chaqueta,S,6,129007.71,774046.26,20,2063247.18
97,2025-12-29,23,Pedro,Martinez Navarro,51591683,3,6946,Camiseta,S,3,57569.2,172707.6,20,2063247.18
97,2025-12-29,23,Pedro,Martinez Navarro,51591683,4,2683,Pantalon,30,2,88431.65,176863.3,20,2063247.18
97,2025-12-29,23,Pedro,Martinez Navarro,51591683,5,8301,Vestido,XL,4,102044.28,408177.12,20,2063247.18
98,2026-01-21,6,Andres,Torres Castillo,99937754,1,3784,Zapatos,37,5,162510.27,812551.35,11,1196482.93
98,2026-01-21,6,Andres,Torres Castillo,99937754,2,7468,Vestido,L,1,105053.16,105053.16,11,1196482.93
98,2026-01-21,6,Andres,Torres Castillo,99937754,3,2722,Gorra,Unica,3,29530.61,88591.83,11,1196482.93
98,2026-01-21,6,Andres,Torres Castillo,99937754,4,4665,Chaqueta,L,1,148782.03,148782.03,11,1196482.93
98,2026-01-21,6,Andres,Torres Castillo,99937754,5,2888,Camiseta,M,1,41504.56,41504.56,11,1196482.93
99,2026-01-08,20,Laura,Martinez Velasquez,46132428,1,8036,Vestido,XL,1,123753.89,123753.89,7,705426.71
99,2026-01-08,20,Laura,Martinez Velasquez,46132428,2,9080,Vestido,S,2,103429.01,206858.02,7,705426.71
99,2026-01-08,20,Laura,Martinez Velasquez,46132428,3,3390,Pantalon,32,3,96887.56,290662.68,7,705426.71
99,2026-01-08,20,Laura,Martinez Velasquez,46132428,4,8206,Vestido,L,1,84152.12,84152.12,7,705426.71
100,2026-02-10,25,Andres,Castro Romero,54824843,1,5331,Chaqueta,XL,6,138753.97,832523.82,17,2147122.73
100,2026-02-10,25,Andres,Castro Romero,54824843,2,9051,Gorra,Unica,2,29390.37,58780.74,17,2147122.73
100,2026-02-10,25,Andres,Castro Romero,54824843,3,3400,Vestido,XL,1,85367.58,85367.58,17,2147122.73
100,2026-02-10,25,Andres,Castro Romero,54824843,4,1639,Zapatos,37,3,162874.78,488624.34,17,2147122.73
100,2026-02-10,25,Andres,Castro Romero,54824843,5,9157,Zapatos,40,5,136365.25,681826.25,17,2147122.73
101,2025-10-28,8,Laura,Torres Ruiz,42851831,1,5560,Zapatos,40,6,167496.95,1004981.7,6,1004981.7
102,2026-03-02,20,Laura,Martinez Velasquez,46132428,1,8029,Zapatos,39,6,164486.95,986921.7,15,2065614.39
102,2026-03-02,20,Laura,Martinez Velasquez,46132428,2,8291,Pantalon,40,1,72778.15,72778.15,15,2065614.39
102,2026-03-02,20,Laura,Martinez Velasquez,46132428,3,8946,Vestido,S,6,119252.4,715514.4,15,2065614.39
102,2026-03-02,20,Laura,Martinez Velasquez,46132428,4,1693,Chaqueta,XL,2,145200.07,290400.14,15,2065614.39
103,2025-11-15,23,Pedro,Martinez Navarro,51591683,1,2775,Pantalon,36,5,85754.88,428774.4,11,974159.34
103,2025-11-15,23,Pedro,Martinez Navarro,51591683,2,7750,Zapatos,36,1,127554.29,127554.29,11,974159.34
103,2025-11-15,23,Pedro,Martinez Navarro,51591683,3,4754,Pantalon,28,5,83566.13,417830.65,11,974159.34
104,2025-10-01,25,Andres,Castro Romero,54824843,1,9729,Sudadera,XL,1,111508.05,111508.05,3,366370.33
104,2025-10-01,25,Andres,Castro Romero,54824843,2,1669,Zapatos,38,1,174724.46,174724.46,3,366370.33
104,2025-10-01,25,Andres,Castro Romero,54824843,3,2337,Pantalon,40,1,80137.82,80137.82,3,366370.33
105,2026-03-03,17,Camila,Velasquez Sanchez,34511778,1,8176,Gorra,Unica,1,30079.8,30079.8,1,30079.8
106,2025-12-26,15,Luis,Vargas Vargas,78052867,1,2282,Sudadera,XL,3,142588.83,427766.49,20,2523658.71
106,2025-12-26,15,Luis,Vargas Vargas,78052867,2,2872,Chaqueta,XXL,6,117730.44,706382.64,20,2523658.71
106,2025-12-26,15,Luis,Vargas Vargas,78052867,3,4324,Zapatos,36,3,162466.66,487399.98,20,2523658.71
106,2025-12-26,15,Luis,Vargas Vargas,78052867,4,4610,Sudadera,L,2,104474.1,208948.2,20,2523658.71
106,2025-12-26,15,Luis,Vargas Vargas,78052867,5,9874,Chaqueta,S,6,115526.9,693161.4,20,2523658.71
107,2026-02-21,19,Andres,Navarro Ramirez,22714492,1,5755,Vestido,S,1,111364.42,111364.42,9,809686.83
107,2026-02-21,19,Andres,Navarro Ramirez,22714492,2,4691,Sudadera,S,3,117913.94,353741.82,9,809686.83
107,2026-02-21,19,Andres,Navarro Ramirez,22714492,3,5290,Chaqueta,S,1,143868.91,143868.91,9,809686.83
107,2026-02-21,19,Andres,Navarro Ramirez,22714492,4,4731,Camiseta,M,4,50177.92,200711.68,9,809686.83
108,2025-09-23,9,Edward,Hernandez Ruiz,32145144,1,5614,Sudadera,XXL,2,119950.07,239900.14,18,1642178.74
108,2025-09-23,9,Edward,Hernandez Ruiz,32145144,2,3492,Gorra,Unica,2,29110.27,58220.54,18,1642178.74
108,2025-09-23,9,Edward,Hernandez Ruiz,32145144,3,6616,Camiseta,S,6,51976.23,311857.38,18,1642178.74
108,2025-09-23,9,Edward,Hernandez Ruiz,32145144,4,2343,Vestido,S,4,117708.88,470835.52,18,1642178.74
108,2025-09-23,9,Edward,Hernandez Ruiz,32145144,5,4307,Sudadera,M,4,140341.29,561365.16,18,1642178.74
109,2026-02-11,1,Valentina,Ruiz Ruiz,85701278,1,7177,Zapatos,37,2,116473.2,232946.4,9,845269.25
109,2026-02-11,1,Valentina,Ruiz Ruiz,85701278,2,8058,Chaqueta,L,1,107260.89,107260.89,9,845269.25
109,2026-02-11,1,Valentina,Ruiz Ruiz,85701278,3,3809,Vestido,XL,4,89196.11,356784.44,9,845269.25
109,2026-02-11,1,Valentina,Ruiz Ruiz,85701278,4,4915,Pantalon,34,2,74138.76,148277.52,9,845269.25
110,2026-02-15,23,Pedro,Martinez Navarro,51591683,1,5197,Pantalon,30,4,81080.65,324322.6,12,1225788.04
110,2026-02-15,23,Pedro,Martinez Navarro,51591683,2,7389,Chaqueta,XXL,4,114580.61,458322.44,12,1225788.04
110,2026-02-15,23,Pedro,Martinez Navarro,51591683,3,4257,Pantalon,32,2,89476.65,178953.3,12,1225788.04
110,2026-02-15,23,Pedro,Martinez Navarro,51591683,4,8833,Zapatos,38,1,175334.56,175334.56,12,1225788.04
110,2026-02-15,23,Pedro,Martinez Navarro,51591683,5,6572,Vestido,XL,1,88855.14,88855.14,12,1225788.04
111,2025-12-06,13,Andres,Castillo Martinez,93984404,1,2355,Zapatos,41,2,155389.54,310779.08,10,1355142.2
111,2025-12-06,13,Andres,Castillo Martinez,93984404,2,8903,Zapatos,41,2,156980.19,313960.38,10,1355142.2
111,2025-12-06,13,Andres,Castillo Martinez,93984404,3,3251,Chaqueta,M,6,121733.79,730402.74,10,1355142.2
112,2025-09-20,7,David,Velasquez Quadros,77455507,1,7243,Pantalon,32,2,90807.3,181614.6,8,805922.58
112,2025-09-20,7,David,Velasquez Quadros,77455507,2,7552,Pantalon,30,6,104051.33,624307.98,8,805922.58
113,2026-01-01,2,Pedro,Castillo Mendoza,39966881,1,8494,Camiseta,XL,4,57913.27,231653.08,16,1469050.28
113,2026-01-01,2,Pedro,Castillo Mendoza,39966881,2,8844,Gorra,Unica,1,27632.56,27632.56,16,1469050.28
113,2026-01-01,2,Pedro,Castillo Mendoza,39966881,3,8295,Vestido,XL,6,114226.34,685358.04,16,1469050.28
113,2026-01-01,2,Pedro,Castillo Mendoza,39966881,4,8049,Vestido,L,5,104881.32,524406.6,16,1469050.28
114,2025-12-14,18,Andres,Castillo Castillo,31401014,1,4405,Chaqueta,XL,3,127078.75,381236.25,14,1144074.17
114,2025-12-14,18,Andres,Castillo Castillo,31401014,2,6029,Pantalon,40,5,93740.26,468701.3,14,1144074.17
114,2025-12-14,18,Andres,Castillo Castillo,31401014,3,1784,Gorra,Unica,4,26057.12,104228.48,14,1144074.17
114,2025-12-14,18,Andres,Castillo Castillo,31401014,4,5387,Chaqueta,M,1,106093.4,106093.4,14,1144074.17
114,2025-12-14,18,Andres,Castillo Castillo,31401014,5,1339,Vestido,XL,1,83814.74,83814.74,14,1144074.17
115,2025-10-20,10,Diego,Ruiz Romero,81057481,1,7450,Pantalon,36,3,104536.6,313609.8,8,843473.45
115,2025-10-20,10,Diego,Ruiz Romero,81057481,2,5181,Sudadera,S,5,105972.73,529863.65,8,843473.45
116,2025-12-28,22,Alejandra,Morales Castillo,31031473,1,9143,Gorra,Unica,4,28542.98,114171.92,16,1006357.47
116,2025-12-28,22,Alejandra,Morales Castillo,31031473,2,4217,Chaqueta,XL,4,125310.82,501243.28,16,1006357.47
116,2025-12-28,22,Alejandra,Morales Castillo,31031473,3,9253,Sudadera,XL,1,141023.32,141023.32,16,1006357.47
116,2025-12-28,22,Alejandra,Morales Castillo,31031473,4,9681,Gorra,Unica,6,36672.41,220034.46,16,1006357.47
116,2025-12-28,22,Alejandra,Morales Castillo,31031473,5,3482,Gorra,Unica,1,29884.49,29884.49,16,1006357.47
117,2026-01-25,21,Natalia,Vargas Mendoza,69750374,1,4362,Pantalon,38,3,89140.28,267420.84,3,267420.84
118,2025-10-28,14,Pedro,Diaz Garcia,45490223,1,6489,Gorra,Unica,6,34781.72,208690.32,6,208690.32
119,2026-03-10,14,Pedro,Diaz Garcia,45490223,1,1970,Vestido,L,6,98784.48,592706.88,7,629161.97
119,2026-03-10,14,Pedro,Diaz Garcia,45490223,2,9913,Gorra,Unica,1,36455.09,36455.09,7,629161.97
120,2025-12-22,20,Laura,Martinez Velasquez,46132428,1,5280,Pantalon,40,4,91049.67,364198.68,20,1874928.32
120,2025-12-22,20,Laura,Martinez Velasquez,46132428,2,2224,Sudadera,XXL,1,96966.29,96966.29,20,1874928.32
120,2025-12-22,20,Laura,Martinez Velasquez,46132428,3,3714,Zapatos,40,5,143802.02,719010.1,20,1874928.32
120,2025-12-22,20,Laura,Martinez Velasquez,46132428,4,7790,Pantalon,28,5,81110.42,405552.1,20,1874928.32
120,2025-12-22,20,Laura,Martinez Velasquez,46132428,5,1628,Camiseta,XXL,5,57840.23,289201.15,20,1874928.32
121,2025-10-23,13,Andres,Castillo Martinez,93984404,1,6975,Sudadera,M,5,141876.02,709380.1,5,709380.1
122,2025-09-20,13,Andres,Castillo Martinez,93984404,1,3214,Zapatos,37,6,167715.89,1006295.34,10,1552886.38
122,2025-09-20,13,Andres,Castillo Martinez,93984404,2,2299,Sudadera,S,4,136647.76,546591.04,10,1552886.38
123,2026-01-19,4,Camila,Torres Ramirez,46821172,1,2605,Chaqueta,S,3,136196.8,408590.4,6,757005.84
123,2026-01-19,4,Camila,Torres Ramirez,46821172,2,3927,Vestido,XL,3,116138.48,348415.44,6,757005.84
124,2025-11-26,14,Pedro,Diaz Garcia,45490223,1,5201,Gorra,Unica,6,25785.72,154714.32,18,1755575.53
124,2025-11-26,14,Pedro,Diaz Garcia,45490223,2,7947,Sudadera,M,5,105481.92,527409.6,18,1755575.53
124,2025-11-26,14,Pedro,Diaz Garcia,45490223,3,4718,Zapatos,37,6,162357.42,974144.52,18,1755575.53
124,2025-11-26,14,Pedro,Diaz Garcia,45490223,4,4781,Vestido,M,1,99307.09,99307.09,18,1755575.53
125,2026-01-02,17,Camila,Velasquez Sanchez,34511778,1,6063,Vestido,S,6,83579.55,501477.3,12,1190759.7
125,2026-01-02,17,Camila,Velasquez Sanchez,34511778,2,3805,Sudadera,XXL,6,114880.4,689282.4,12,1190759.7
126,2026-01-16,18,Andres,Castillo Castillo,31401014,1,5394,Gorra,Unica,5,31284.37,156421.85,16,1401156.87
126,2026-01-16,18,Andres,Castillo Castillo,31401014,2,4119,Chaqueta,M,3,127034.27,381102.81,16,1401156.87
126,2026-01-16,18,Andres,Castillo Castillo,31401014,3,8208,Vestido,M,4,123721.21,494884.84,16,1401156.87
126,2026-01-16,18,Andres,Castillo Castillo,31401014,4,6050,Pantalon,36,3,82028.02,246084.06,16,1401156.87
126,2026-01-16,18,Andres,Castillo Castillo,31401014,5,1150,Sudadera,M,1,122663.31,122663.31,16,1401156.87
127,2026-03-14,10,Diego,Ruiz Romero,81057481,1,9789,Vestido,S,6,90722.89,544337.34,20,1783369.98
127,2026-03-14,10,Diego,Ruiz Romero,81057481,2,8844,Zapatos,36,5,147763.11,738815.55,20,1783369.98
127,2026-03-14,10,Diego,Ruiz Romero,81057481,3,9511,Vestido,S,2,110539.95,221079.9,20,1783369.98
127,2026-03-14,10,Diego,Ruiz Romero,81057481,4,3724,Camiseta,S,5,45150.15,225750.75,20,1783369.98
127,2026-03-14,10,Diego,Ruiz Romero,81057481,5,3239,Gorra,Unica,2,26693.22,53386.44,20,1783369.98
128,2025-10-06,17,Camila,Velasquez Sanchez,34511778,1,5555,Sudadera,L,1,111391.29,111391.29,1,111391.29
129,2025-10-20,11,Pedro,Morales Quadros,55953098,1,4889,Gorra,Unica,2,34827.03,69654.06,13,805161.06
129,2025-10-20,11,Pedro,Morales Quadros,55953098,2,8766,Sudadera,XL,1,101592.24,101592.24,13,805161.06
129,2025-10-20,11,Pedro,Morales Quadros,55953098,3,6907,Camiseta,S,4,45660.48,182641.92,13,805161.06
129,2025-10-20,11,Pedro,Morales Quadros,55953098,4,9786,Zapatos,38,2,119631.84,239263.68,13,805161.06
129,2025-10-20,11,Pedro,Morales Quadros,55953098,5,1428,Camiseta,XXL,4,53002.29,212009.16,13,805161.06
130,2025-09-19,19,Andres,Navarro Ramirez,22714492,1,4068,Camiseta,XL,6,48813.85,292883.1,6,292883.1
131,2025-12-25,10,Diego,Ruiz Romero,81057481,1,3648,Pantalon,34,3,79636.41,238909.23,18,1329748.27
131,2025-12-25,10,Diego,Ruiz Romero,81057481,2,1336,Pantalon,36,5,78593.54,392967.7,18,1329748.27
131,2025-12-25,10,Diego,Ruiz Romero,81057481,3,8932,Zapatos,41,3,127673.77,383021.31,18,1329748.27
131,2025-12-25,10,Diego,Ruiz Romero,81057481,4,4748,Chaqueta,XL,1,132330.03,132330.03,18,1329748.27
131,2025-12-25,10,Diego,Ruiz Romero,81057481,5,2159,Gorra,Unica,6,30420.0,182520.0,18,1329748.27
132,2025-12-13,7,David,Velasquez Quadros,77455507,1,4560,Camiseta,XL,3,50301.69,150905.07,7,512036.19
132,2025-12-13,7,David,Velasquez Quadros,77455507,2,1004,Vestido,M,4,90282.78,361131.12,7,512036.19
133,2026-02-26,11,Pedro,Morales Quadros,55953098,1,1972,Pantalon,36,4,103653.11,414612.44,14,1583505.96
133,2026-02-26,11,Pedro,Morales Quadros,55953098,2,1652,Sudadera,S,4,131418.52,525674.08,14,1583505.96
133,2026-02-26,11,Pedro,Morales Quadros,55953098,3,9804,Chaqueta,XXL,6,107203.24,643219.44,14,1583505.96
134,2026-02-18,5,Pedro,Ruiz Mendoza,59409021,1,5831,Gorra,Unica,1,30292.48,30292.48,1,30292.48
135,2026-03-09,21,Natalia,Vargas Mendoza,69750374,1,2350,Chaqueta,XL,4,134615.85,538463.4,18,1862299.92
135,2026-03-09,21,Natalia,Vargas Mendoza,69750374,2,2732,Sudadera,L,6,102844.75,617068.5,18,1862299.92
135,2026-03-09,21,Natalia,Vargas Mendoza,69750374,3,1346,Pantalon,40,2,74810.52,149621.04,18,1862299.92
135,2026-03-09,21,Natalia,Vargas Mendoza,69750374,4,1960,Vestido,M,3,91421.43,274264.29,18,1862299.92
135,2026-03-09,21,Natalia,Vargas Mendoza,69750374,5,5728,Vestido,L,3,94294.23,282882.69,18,1862299.92
136,2025-11-25,7,David,Velasquez Quadros,77455507,1,3625,Camiseta,M,1,44855.02,44855.02,7,365666.85
136,2025-11-25,7,David,Velasquez Quadros,77455507,2,9539,Zapatos,38,1,149997.13,149997.13,7,365666.85
136,2025-11-25,7,David,Velasquez Quadros,77455507,3,7230,Gorra,Unica,5,34162.94,170814.7,7,365666.85
137,2025-10-15,16,Miguel,Torres Morales,34980421,1,4193,Pantalon,34,2,99506.26,199012.52,6,339947.02
137,2025-10-15,16,Miguel,Torres Morales,34980421,2,3544,Camiseta,XL,1,56675.24,56675.24,6,339947.02
137,2025-10-15,16,Miguel,Torres Morales,34980421,3,8062,Gorra,Unica,3,28086.42,84259.26,6,339947.02
138,2025-12-14,6,Andres,Torres Castillo,99937754,1,6416,Sudadera,XXL,6,125198.69,751192.14,7,796013.51
138,2025-12-14,6,Andres,Torres Castillo,99937754,2,1323,Camiseta,XS,1,44821.37,44821.37,7,796013.51
139,2026-03-08,20,Laura,Martinez Velasquez,46132428,1,7161,Vestido,L,5,113281.3,566406.5,6,662990.31
139,2026-03-08,20,Laura,Martinez Velasquez,46132428,2,7568,Pantalon,32,1,96583.81,96583.81,6,662990.31
140,2025-11-17,13,Andres,Castillo Martinez,93984404,1,9632,Zapatos,38,3,136960.35,410881.05,3,410881.05
141,2025-10-24,16,Miguel,Torres Morales,34980421,1,6344,Gorra,Unica,1,35307.95,35307.95,9,757374.24
141,2025-10-24,16,Miguel,Torres Morales,34980421,2,5920,Camiseta,XS,1,48690.5,48690.5,9,757374.24
141,2025-10-24,16,Miguel,Torres Morales,34980421,3,2496,Vestido,XL,3,123192.74,369578.22,9,757374.24
141,2025-10-24,16,Miguel,Torres Morales,34980421,4,2964,Zapatos,39,1,132126.8,132126.8,9,757374.24
141,2025-10-24,16,Miguel,Torres Morales,34980421,5,7244,Camiseta,XXL,3,57223.59,171670.77,9,757374.24
142,2025-12-05,11,Pedro,Morales Quadros,55953098,1,7888,Pantalon,40,5,79842.3,399211.5,10,907059.15
142,2025-12-05,11,Pedro,Morales Quadros,55953098,2,2719,Vestido,M,5,101569.53,507847.65,10,907059.15
143,2026-02-27,2,Pedro,Castillo Mendoza,39966881,1,4260,Camiseta,M,5,39828.03,199140.15,11,977160.69
143,2026-02-27,2,Pedro,Castillo Mendoza,39966881,2,5887,Chaqueta,M,6,129670.09,778020.54,11,977160.69
144,2026-01-10,15,Luis,Vargas Vargas,78052867,1,9962,Zapatos,38,3,153390.68,460172.04,3,460172.04
145,2026-01-08,12,Sofia,Hernandez Mendoza,80563138,1,5853,Vestido,M,3,108359.64,325078.92,16,1481576.42
145,2026-01-08,12,Sofia,Hernandez Mendoza,80563138,2,6984,Sudadera,XXL,5,113505.16,567525.8,16,1481576.42
145,2026-01-08,12,Sofia,Hernandez Mendoza,80563138,3,9781,Vestido,L,2,83559.96,167119.92,16,1481576.42
145,2026-01-08,12,Sofia,Hernandez Mendoza,80563138,4,3227,Pantalon,36,3,90728.87,272186.61,16,1481576.42
145,2026-01-08,12,Sofia,Hernandez Mendoza,80563138,5,6960,Camiseta,S,3,49888.39,149665.17,16,1481576.42
146,2025-12-11,4,Camila,Torres Ramirez,46821172,1,9946,Vestido,M,2,124132.27,248264.54,14,1905846.82
146,2025-12-11,4,Camila,Torres Ramirez,46821172,2,2185,Chaqueta,XXL,6,151179.51,907077.06,14,1905846.82
146,2025-12-11,4,Camila,Torres Ramirez,46821172,3,7259,Chaqueta,M,4,137206.6,548826.4,14,1905846.82
146,2025-12-11,4,Camila,Torres Ramirez,46821172,4,1963,Vestido,M,2,100839.41,201678.82,14,1905846.82
147,2025-12-25,10,Diego,Ruiz Romero,81057481,1,3602,Camiseta,XXL,3,50780.82,152342.46,12,827424.99
147,2025-12-25,10,Diego,Ruiz Romero,81057481,2,5517,Zapatos,40,1,134299.64,134299.64,12,827424.99
147,2025-12-25,10,Diego,Ruiz Romero,81057481,3,7459,Camiseta,M,4,41908.59,167634.36,12,827424.99
147,2025-12-25,10,Diego,Ruiz Romero,81057481,4,2491,Pantalon,32,3,93490.25,280470.75,12,827424.99
147,2025-12-25,10,Diego,Ruiz Romero,81057481,5,3442,Pantalon,36,1,92677.78,92677.78,12,827424.99
148,2025-10-14,21,Natalia,Vargas Mendoza,69750374,1,5188,Camiseta,XS,1,48663.43,48663.43,1,48663.43
149,2026-03-13,21,Natalia,Vargas Mendoza,69750374,1,3590,Gorra,Unica,1,30998.88,30998.88,10,418557.45
149,2026-03-13,21,Natalia,Vargas Mendoza,69750374,2,2513,Camiseta,XL,6,48382.09,290292.54,10,418557.45
149,2026-03-13,21,Natalia,Vargas Mendoza,69750374,3,9586,Gorra,Unica,3,32422.01,97266.03,10,418557.45
150,2025-09-26,4,Camila,Torres Ramirez,46821172,1,7400,Zapatos,36,5,153936.68,769683.4,5,769683.4
151,2025-12-01,5,Pedro,Ruiz Mendoza,59409021,1,2417,Pantalon,40,3,105686.16,317058.48,8,888796.05
151,2025-12-01,5,Pedro,Ruiz Mendoza,59409021,2,8155,Zapatos,42,4,116287.35,465149.4,8,888796.05
151,2025-12-01,5,Pedro,Ruiz Mendoza,59409021,3,9234,Chaqueta,S,1,106588.17,106588.17,8,888796.05
152,2025-12-24,20,Laura,Martinez Velasquez,46132428,1,6827,Chaqueta,XL,5,123395.96,616979.8,5,616979.8
153,2026-03-01,2,Pedro,Castillo Mendoza,39966881,1,5809,Zapatos,37,4,134152.59,536610.36,14,1451136.44
153,2026-03-01,2,Pedro,Castillo Mendoza,39966881,2,3255,Pantalon,36,6,93581.92,561491.52,14,1451136.44
153,2026-03-01,2,Pedro,Castillo Mendoza,39966881,3,5246,Pantalon,34,4,88258.64,353034.56,14,1451136.44
154,2025-12-17,3,Ana,Romero Romero,60551548,1,9925,Gorra,Unica,5,26501.01,132505.05,5,132505.05
155,2025-12-27,19,Andres,Navarro Ramirez,22714492,1,3624,Vestido,M,1,111926.82,111926.82,10,1166689.5
155,2025-12-27,19,Andres,Navarro Ramirez,22714492,2,2070,Sudadera,XL,6,122467.35,734804.1,10,1166689.5
155,2025-12-27,19,Andres,Navarro Ramirez,22714492,3,6426,Chaqueta,S,3,106652.86,319958.58,10,1166689.5
156,2026-01-14,14,Pedro,Diaz Garcia,45490223,1,2718,Chaqueta,S,5,104910.33,524551.65,8,914264.15
156,2026-01-14,14,Pedro,Diaz Garcia,45490223,2,5587,Sudadera,XXL,1,123331.12,123331.12,8,914264.15
156,2026-01-14,14,Pedro,Diaz Garcia,45490223,3,9593,Sudadera,L,2,133190.69,266381.38,8,914264.15
157,2025-09-18,19,Andres,Navarro Ramirez,22714492,1,9554,Pantalon,28,5,84184.79,420923.95,5,420923.95
158,2025-12-26,13,Andres,Castillo Martinez,93984404,1,9083,Chaqueta,L,3,123288.16,369864.48,4,418917.35
158,2025-12-26,13,Andres,Castillo Martinez,93984404,2,3459,Camiseta,XXL,1,49052.87,49052.87,4,418917.35
159,2025-12-10,3,Ana,Romero Romero,60551548,1,3808,Camiseta,L,4,43215.34,172861.36,7,434580.13
159,2025-12-10,3,Ana,Romero Romero,60551548,2,4091,Pantalon,30,3,87239.59,261718.77,7,434580.13
160,2025-12-04,24,Andres,Castillo Vargas,25191731,1,8871,Camiseta,L,5,50917.58,254587.9,6,357080.91
160,2025-12-04,24,Andres,Castillo Vargas,25191731,2,9218,Sudadera,XL,1,102493.01,102493.01,6,357080.91
161,2025-10-05,6,Andres,Torres Castillo,99937754,1,7025,Vestido,XL,4,86997.62,347990.48,17,1207688.63
161,2025-10-05,6,Andres,Torres Castillo,99937754,2,5926,Gorra,Unica,4,36983.4,147933.6,17,1207688.63
161,2025-10-05,6,Andres,Torres Castillo,99937754,3,2065,Chaqueta,S,2,151989.57,303979.14,17,1207688.63
161,2025-10-05,6,Andres,Torres Castillo,99937754,4,7059,Gorra,Unica,5,25734.89,128674.45,17,1207688.63
161,2025-10-05,6,Andres,Torres Castillo,99937754,5,9351,Zapatos,37,2,139555.48,279110.96,17,1207688.63
162,2025-10-30,4,Camila,Torres Ramirez,46821172,1,9532,Vestido,S,1,96449.32,96449.32,21,1671957.16
162,2025-10-30,4,Camila,Torres Ramirez,46821172,2,2377,Sudadera,XXL,4,101654.82,406619.28,21,1671957.16
162,2025-10-30,4,Camila,Torres Ramirez,46821172,3,5465,Gorra,Unica,6,38060.63,228363.78,21,1671957.16
162,2025-10-30,4,Camila,Torres Ramirez,46821172,4,6120,Pantalon,36,4,80710.68,322842.72,21,1671957.16
162,2025-10-30,4,Camila,Torres Ramirez,46821172,5,9912,Chaqueta,L,6,102947.01,617682.06,21,1671957.16
163,2026-03-08,16,Miguel,Torres Morales,34980421,1,6982,Pantalon,38,3,101461.46,304384.38,10,923474.02
163,2026-03-08,16,Miguel,Torres Morales,34980421,2,6205,Pantalon,30,1,77695.72,77695.72,10,923474.02
163,2026-03-08,16,Miguel,Torres Morales,34980421,3,4279,Pantalon,32,1,77621.22,77621.22,10,923474.02
163,2026-03-08,16,Miguel,Torres Morales,34980421,4,5450,Pantalon,36,5,92754.54,463772.7,10,923474.02
164,2025-12-13,18,Andres,Castillo Castillo,31401014,1,4223,Pantalon,28,4,103966.25,415865.0,4,415865.0
165,2026-02-28,15,Luis,Vargas Vargas,78052867,1,8790,Vestido,L,1,116636.61,116636.61,10,796708.7
165,2026-02-28,15,Luis,Vargas Vargas,78052867,2,9743,Sudadera,XXL,5,108537.45,542687.25,10,796708.7
165,2026-02-28,15,Luis,Vargas Vargas,78052867,3,5992,Gorra,Unica,4,34346.21,137384.84,10,796708.7
166,2025-09-21,9,Edward,Hernandez Ruiz,32145144,1,8967,Vestido,XL,4,89129.44,356517.76,14,1541620.99
166,2025-09-21,9,Edward,Hernandez Ruiz,32145144,2,5640,Camiseta,M,2,44814.46,89628.92,14,1541620.99
166,2025-09-21,9,Edward,Hernandez Ruiz,32145144,3,5361,Chaqueta,S,2,123162.47,246324.94,14,1541620.99
166,2025-09-21,9,Edward,Hernandez Ruiz,32145144,4,6736,Chaqueta,L,5,137669.98,688349.9,14,1541620.99
166,2025-09-21,9,Edward,Hernandez Ruiz,32145144,5,9331,Zapatos,40,1,160799.47,160799.47,14,1541620.99
167,2026-03-04,17,Camila,Velasquez Sanchez,34511778,1,5735,Pantalon,36,1,100446.69,100446.69,10,883975.48
167,2026-03-04,17,Camila,Velasquez Sanchez,34511778,2,1798,Pantalon,28,5,82927.55,414637.75,10,883975.48
167,2026-03-04,17,Camila,Velasquez Sanchez,34511778,3,7202,Vestido,XL,4,92222.76,368891.04,10,883975.48
168,2026-02-15,14,Pedro,Diaz Garcia,45490223,1,6538,Pantalon,28,6,106648.06,639888.36,6,639888.36
169,2025-10-24,5,Pedro,Ruiz Mendoza,59409021,1,3831,Zapatos,40,4,146136.32,584545.28,18,1379720.14
169,2025-10-24,5,Pedro,Ruiz Mendoza,59409021,2,7094,Camiseta,S,6,42727.51,256365.06,18,1379720.14
169,2025-10-24,5,Pedro,Ruiz Mendoza,59409021,3,7414,Gorra,Unica,2,29084.23,58168.46,18,1379720.14
169,2025-10-24,5,Pedro,Ruiz Mendoza,59409021,4,2799,Pantalon,36,6,80106.89,480641.34,18,1379720.14
170,2025-12-13,5,Pedro,Ruiz Mendoza,59409021,1,8877,Sudadera,XXL,5,97921.44,489607.2,12,1026914.3
170,2025-12-13,5,Pedro,Ruiz Mendoza,59409021,2,2329,Camiseta,XS,3,55598.34,166795.02,12,1026914.3
170,2025-12-13,5,Pedro,Ruiz Mendoza,59409021,3,4654,Pantalon,30,4,92628.02,370512.08,12,1026914.3
171,2025-09-30,9,Edward,Hernandez Ruiz,32145144,1,4550,Vestido,XL,4,98688.02,394752.08,18,882144.39
171,2025-09-30,9,Edward,Hernandez Ruiz,32145144,2,4365,Gorra,Unica,3,26284.54,78853.62,18,882144.39
171,2025-09-30,9,Edward,Hernandez Ruiz,32145144,3,7308,Camiseta,XXL,6,39737.19,238423.14,18,882144.39
171,2025-09-30,9,Edward,Hernandez Ruiz,32145144,4,5337,Gorra,Unica,5,34023.11,170115.55,18,882144.39
172,2025-11-17,20,Laura,Martinez Velasquez,46132428,1,7085,Zapatos,39,5,139372.35,696861.75,10,953460.18
172,2025-11-17,20,Laura,Martinez Velasquez,46132428,2,7068,Camiseta,S,2,47235.36,94470.72,10,953460.18
172,2025-11-17,20,Laura,Martinez Velasquez,46132428,3,2984,Camiseta,L,3,54042.57,162127.71,10,953460.18
173,2025-11-20,14,Pedro,Diaz Garcia,45490223,1,1609,Sudadera,S,4,105019.36,420077.44,21,1810918.6
173,2025-11-20,14,Pedro,Diaz Garcia,45490223,2,7345,Zapatos,40,6,164739.47,988436.82,21,1810918.6
173,2025-11-20,14,Pedro,Diaz Garcia,45490223,3,1492,Gorra,Unica,6,31190.34,187142.04,21,1810918.6
173,2025-11-20,14,Pedro,Diaz Garcia,45490223,4,2020,Camiseta,S,5,43052.46,215262.3,21,1810918.6
174,2025-12-10,20,Laura,Martinez Velasquez,46132428,1,8849,Vestido,S,1,90652.54,90652.54,14,1357181.33
174,2025-12-10,20,Laura,Martinez Velasquez,46132428,2,4683,Vestido,M,5,126789.98,633949.9,14,1357181.33
174,2025-12-10,20,Laura,Martinez Velasquez,46132428,3,4507,Gorra,Unica,3,28671.03,86013.09,14,1357181.33
174,2025-12-10,20,Laura,Martinez Velasquez,46132428,4,4152,Chaqueta,XXL,3,106422.12,319266.36,14,1357181.33
174,2025-12-10,20,Laura,Martinez Velasquez,46132428,5,8689,Sudadera,L,2,113649.72,227299.44,14,1357181.33
175,2026-03-16,17,Camila,Velasquez Sanchez,34511778,1,5980,Chaqueta,XL,4,139700.39,558801.56,13,1614698.12
175,2026-03-16,17,Camila,Velasquez Sanchez,34511778,2,2318,Sudadera,M,5,113163.36,565816.8,13,1614698.12
175,2026-03-16,17,Camila,Velasquez Sanchez,34511778,3,5818,Chaqueta,M,4,122519.94,490079.76,13,1614698.12
176,2026-01-05,25,Andres,Castro Romero,54824843,1,4206,Sudadera,XL,6,116560.77,699364.62,19,2167964.46
176,2026-01-05,25,Andres,Castro Romero,54824843,2,3702,Pantalon,38,3,101852.22,305556.66,19,2167964.46
176,2026-01-05,25,Andres,Castro Romero,54824843,3,2142,Zapatos,42,6,167246.69,1003480.14,19,2167964.46
176,2026-01-05,25,Andres,Castro Romero,54824843,4,6531,Camiseta,S,4,39890.76,159563.04,19,2167964.46
177,2025-12-15,14,Pedro,Diaz Garcia,45490223,1,6925,Vestido,L,2,109305.03,218610.06,16,1096425.57
177,2025-12-15,14,Pedro,Diaz Garcia,45490223,2,5896,Sudadera,L,1,105182.26,105182.26,16,1096425.57
177,2025-12-15,14,Pedro,Diaz Garcia,45490223,3,7056,Pantalon,28,3,95076.83,285230.49,16,1096425.57
177,2025-12-15,14,Pedro,Diaz Garcia,45490223,4,1779,Pantalon,38,4,76683.44,306733.76,16,1096425.57
177,2025-12-15,14,Pedro,Diaz Garcia,45490223,5,4529,Gorra,Unica,6,30111.5,180669.0,16,1096425.57
178,2025-10-15,9,Edward,Hernandez Ruiz,32145144,1,8462,Gorra,Unica,2,33783.91,67567.82,7,625746.98
178,2025-10-15,9,Edward,Hernandez Ruiz,32145144,2,7595,Vestido,S,4,96057.41,384229.64,7,625746.98
178,2025-10-15,9,Edward,Hernandez Ruiz,32145144,3,4174,Zapatos,39,1,173949.52,173949.52,7,625746.98
179,2026-02-02,24,Andres,Castillo Vargas,25191731,1,2065,Pantalon,34,2,94109.23,188218.46,4,280344.54
179,2026-02-02,24,Andres,Castillo Vargas,25191731,2,6056,Camiseta,L,1,57331.23,57331.23,4,280344.54
179,2026-02-02,24,Andres,Castillo Vargas,25191731,3,5797,Gorra,Unica,1,34794.85,34794.85,4,280344.54
180,2026-01-08,24,Andres,Castillo Vargas,25191731,1,8072,Chaqueta,S,2,152751.59,305503.18,11,1071896.24
180,2026-01-08,24,Andres,Castillo Vargas,25191731,2,3886,Sudadera,XL,5,129530.34,647651.7,11,1071896.24
180,2026-01-08,24,Andres,Castillo Vargas,25191731,3,8676,Gorra,Unica,4,29685.34,118741.36,11,1071896.24
181,2026-01-05,2,Pedro,Castillo Mendoza,39966881,1,1025,Camiseta,S,4,53541.75,214167.0,15,1506358.73
181,2026-01-05,2,Pedro,Castillo Mendoza,39966881,2,5594,Chaqueta,L,3,146224.6,438673.8,15,1506358.73
181,2026-01-05,2,Pedro,Castillo Mendoza,39966881,3,7086,Zapatos,36,3,145643.1,436929.3,15,1506358.73
181,2026-01-05,2,Pedro,Castillo Mendoza,39966881,4,3392,Vestido,M,4,93025.55,372102.2,15,1506358.73
181,2026-01-05,2,Pedro,Castillo Mendoza,39966881,5,2076,Camiseta,M,1,44486.43,44486.43,15,1506358.73
182,2026-01-01,22,Alejandra,Morales Castillo,31031473,1,6322,Pantalon,32,6,72830.46,436982.76,13,1435110.56
182,2026-01-01,22,Alejandra,Morales Castillo,31031473,2,8315,Zapatos,40,4,146247.02,584988.08,13,1435110.56
182,2026-01-01,22,Alejandra,Morales Castillo,31031473,3,6298,Chaqueta,S,3,137713.24,413139.72,13,1435110.56
183,2026-02-17,1,Valentina,Ruiz Ruiz,85701278,1,9760,Vestido,S,5,112995.55,564977.75,9,691750.03
183,2026-02-17,1,Valentina,Ruiz Ruiz,85701278,2,4191,Gorra,Unica,3,26457.9,79373.7,9,691750.03
183,2026-02-17,1,Valentina,Ruiz Ruiz,85701278,3,4323,Camiseta,XS,1,47398.58,47398.58,9,691750.03
184,2026-02-10,21,Natalia,Vargas Mendoza,69750374,1,4804,Zapatos,36,1,165789.49,165789.49,15,1044647.83
184,2026-02-10,21,Natalia,Vargas Mendoza,69750374,2,8349,Camiseta,XXL,3,54797.07,164391.21,15,1044647.83
184,2026-02-10,21,Natalia,Vargas Mendoza,69750374,3,2967,Pantalon,30,6,78160.08,468960.48,15,1044647.83
184,2026-02-10,21,Natalia,Vargas Mendoza,69750374,4,8536,Camiseta,S,5,49101.33,245506.65,15,1044647.83
185,2026-01-18,19,Andres,Navarro Ramirez,22714492,1,7873,Gorra,Unica,4,32132.76,128531.04,21,1575381.44
185,2026-01-18,19,Andres,Navarro Ramirez,22714492,2,5710,Gorra,Unica,4,35909.34,143637.36,21,1575381.44
185,2026-01-18,19,Andres,Navarro Ramirez,22714492,3,9410,Pantalon,40,2,101374.08,202748.16,21,1575381.44
185,2026-01-18,19,Andres,Navarro Ramirez,22714492,4,6797,Vestido,S,6,100959.88,605759.28,21,1575381.44
185,2026-01-18,19,Andres,Navarro Ramirez,22714492,5,2139,Vestido,L,5,98941.12,494705.6,21,1575381.44
186,2025-10-26,14,Pedro,Diaz Garcia,45490223,1,5852,Camiseta,XL,5,47741.7,238708.5,10,734489.0
186,2025-10-26,14,Pedro,Diaz Garcia,45490223,2,1003,Zapatos,36,3,133223.28,399669.84,10,734489.0
186,2025-10-26,14,Pedro,Diaz Garcia,45490223,3,4828,Camiseta,S,2,48055.33,96110.66,10,734489.0
187,2025-10-18,11,Pedro,Morales Quadros,55953098,1,2338,Vestido,L,5,119332.17,596660.85,8,675934.68
187,2025-10-18,11,Pedro,Morales Quadros,55953098,2,9330,Gorra,Unica,3,26424.61,79273.83,8,675934.68
188,2025-11-19,23,Pedro,Martinez Navarro,51591683,1,5720,Zapatos,41,6,153565.91,921395.46,11,1543290.01
188,2025-11-19,23,Pedro,Martinez Navarro,51591683,2,8883,Zapatos,42,5,124378.91,621894.55,11,1543290.01
189,2025-10-04,14,Pedro,Diaz Garcia,45490223,1,4494,Vestido,S,4,84706.68,338826.72,20,1927234.28
189,2025-10-04,14,Pedro,Diaz Garcia,45490223,2,9632,Camiseta,XS,6,54505.96,327035.76,20,1927234.28
189,2025-10-04,14,Pedro,Diaz Garcia,45490223,3,4833,Sudadera,L,5,128552.25,642761.25,20,1927234.28
189,2025-10-04,14,Pedro,Diaz Garcia,45490223,4,8488,Vestido,S,5,123722.11,618610.55,20,1927234.28
190,2025-11-16,23,Pedro,Martinez Navarro,51591683,1,2146,Vestido,M,1,99570.07,99570.07,6,574607.02
190,2025-11-16,23,Pedro,Martinez Navarro,51591683,2,3213,Vestido,XL,5,95007.39,475036.95,6,574607.02
191,2026-03-13,17,Camila,Velasquez Sanchez,34511778,1,4934,Vestido,M,1,116654.76,116654.76,14,1099328.44
191,2026-03-13,17,Camila,Velasquez Sanchez,34511778,2,9533,Sudadera,L,5,115594.04,577970.2,14,1099328.44
191,2026-03-13,17,Camila,Velasquez Sanchez,34511778,3,8500,Gorra,Unica,4,33465.98,133863.92,14,1099328.44
191,2026-03-13,17,Camila,Velasquez Sanchez,34511778,4,4189,Camiseta,S,2,42789.29,85578.58,14,1099328.44
191,2026-03-13,17,Camila,Velasquez Sanchez,34511778,5,1498,Pantalon,34,2,92630.49,185260.98,14,1099328.44
192,2026-01-24,8,Laura,Torres Ruiz,42851831,1,6245,Sudadera,M,5,106298.32,531491.6,20,1723285.52
192,2026-01-24,8,Laura,Torres Ruiz,42851831,2,1905,Camiseta,S,6,44041.64,264249.84,20,1723285.52
192,2026-01-24,8,Laura,Torres Ruiz,42851831,3,7566,Vestido,S,6,114621.37,687728.22,20,1723285.52
192,2026-01-24,8,Laura,Torres Ruiz,42851831,4,1448,Pantalon,28,3,79938.62,239815.86,20,1723285.52
193,2026-02-13,1,Valentina,Ruiz Ruiz,85701278,1,5466,Camiseta,S,5,43403.79,217018.95,18,1069027.79
193,2026-02-13,1,Valentina,Ruiz Ruiz,85701278,2,8889,Camiseta,XL,6,52432.66,314595.96,18,1069027.79
193,2026-02-13,1,Valentina,Ruiz Ruiz,85701278,3,6417,Gorra,Unica,3,38678.87,116036.61,18,1069027.79
193,2026-02-13,1,Valentina,Ruiz Ruiz,85701278,4,1945,Chaqueta,M,1,139476.26,139476.26,18,1069027.79
193,2026-02-13,1,Valentina,Ruiz Ruiz,85701278,5,1293,Pantalon,34,3,93966.67,281900.01,18,1069027.79
194,2026-03-02,15,Luis,Vargas Vargas,78052867,1,8786,Vestido,L,5,88469.48,442347.4,10,967928.73
194,2026-03-02,15,Luis,Vargas Vargas,78052867,2,4062,Chaqueta,L,3,102139.93,306419.79,10,967928.73
194,2026-03-02,15,Luis,Vargas Vargas,78052867,3,9348,Vestido,M,2,109580.77,219161.54,10,967928.73
195,2025-10-19,9,Edward,Hernandez Ruiz,32145144,1,8080,Pantalon,30,2,78196.22,156392.44,15,1389812.41
195,2025-10-19,9,Edward,Hernandez Ruiz,32145144,2,7508,Chaqueta,M,2,146566.97,293133.94,15,1389812.41
195,2025-10-19,9,Edward,Hernandez Ruiz,32145144,3,8832,Camiseta,S,3,55311.42,165934.26,15,1389812.41
195,2025-10-19,9,Edward,Hernandez Ruiz,32145144,4,7351,Sudadera,M,5,109436.53,547182.65,15,1389812.41
195,2025-10-19,9,Edward,Hernandez Ruiz,32145144,5,3666,Pantalon,36,3,75723.04,227169.12,15,1389812.41
196,2025-10-09,25,Andres,Castro Romero,54824843,1,5849,Zapatos,38,5,167436.49,837182.45,11,1349407.61
196,2025-10-09,25,Andres,Castro Romero,54824843,2,5464,Vestido,XL,3,105145.39,315436.17,11,1349407.61
196,2025-10-09,25,Andres,Castro Romero,54824843,3,7209,Gorra,Unica,2,33036.46,66072.92,11,1349407.61
196,2025-10-09,25,Andres,Castro Romero,54824843,4,6709,Sudadera,XL,1,130716.07,130716.07,11,1349407.61
197,2026-02-22,4,Camila,Torres Ramirez,46821172,1,9848,Vestido,L,5,114865.67,574328.35,5,574328.35
198,2026-02-15,23,Pedro,Martinez Navarro,51591683,1,5919,Vestido,M,1,104651.04,104651.04,11,1208276.36
198,2026-02-15,23,Pedro,Martinez Navarro,51591683,2,1425,Camiseta,M,2,57897.11,115794.22,11,1208276.36
198,2026-02-15,23,Pedro,Martinez Navarro,51591683,3,5725,Chaqueta,M,3,147085.86,441257.58,11,1208276.36
198,2026-02-15,23,Pedro,Martinez Navarro,51591683,4,3077,Chaqueta,S,3,148012.42,444037.26,11,1208276.36
198,2026-02-15,23,Pedro,Martinez Navarro,51591683,5,6657,Camiseta,XS,2,51268.13,102536.26,11,1208276.36
199,2025-10-18,2,Pedro,Castillo Mendoza,39966881,1,9287,Pantalon,38,6,73618.64,441711.84,7,557433.8
199,2025-10-18,2,Pedro,Castillo Mendoza,39966881,2,2426,Zapatos,42,1,115721.96,115721.96,7,557433.8
200,2025-12-01,1,Valentina,Ruiz Ruiz,85701278,1,4284,Chaqueta,S,3,136333.96,409001.88,16,1860683.42
200,2025-12-01,1,Valentina,Ruiz Ruiz,85701278,2,2653,Chaqueta,L,4,135589.83,542359.32,16,1860683.42
200,2025-12-01,1,Valentina,Ruiz Ruiz,85701278,3,6083,Pantalon,28,4,93167.58,372670.32,16,1860683.42
200,2025-12-01,1,Valentina,Ruiz Ruiz,85701278,4,7354,Vestido,L,5,107330.38,536651.9,16,1860683.42
